EMPLOYEE_ID,FIRST_NAME,LAST_NAME,EMAIL,USERTYPE,DATE_OF_BIRTH,GENDER,PHONENO,ADDRESS
EMP1,Miguel,Pace,sak29193@gmail.com,User,25-12-2002,Other,-8406,"325 Smith Glen Apt. 727
South Marilyn, AL 87788"
EMP2,Vincent,Cain,lewisjessica@example.org,User,15-05-1986,Female,+1-265-687-2797x51032,"607 April Dale Apt. 967
Colleenmouth, PA 55919"
EMP3,Justin,Clark,megan57@example.net,User,02-04-1987,Female,(232)215-6533,"5189 Thompson Ways
Greenestad, WV 79374"
EMP4,Michael,Thompson,abhishekkumar.student1@gmail.com,Admin,02-09-1993,Male,498-834-4866x81730,"32227 Lopez Parks Suite 605
East James, CA 27104"
EMP5,Laurie,Brown,charles65@example.com,Admin,17-08-1980,Other,477-283-7047x556,"2523 Garner Gateway
Port Frank, MT 32112"
EMP6,Micheal,Kim,david23@example.net,User,25-05-1987,Female,(465)979-2864x25624,"USS Hendricks
FPO AE 11322"
EMP7,Randall,Sexton,rachaeljordan@example.com,User,13-05-1989,Female,409.595.9174x9329,"9556 Bowers Wall
North William, WY 51244"
EMP8,Janice,Sandoval,riddleemma@example.org,User,05-02-1997,Female,(613)263-6527x556,"55674 Rebecca Knoll
Stephanieburgh, RI 58624"
EMP9,Cheryl,Sandoval,jodi48@example.net,User,07-06-1999,Male,001-623-656-8930x037,"USCGC Freeman
FPO AA 88339"
EMP10,Heather,Willis,shawjason@example.org,User,04-07-1991,Male,358.859.4306x403,"0501 Griffin Plaza Suite 534
Geoffreyland, ND 49834"
EMP11,Stephanie,Flores,jeremy29@example.net,Admin,19-11-1987,Female,(715)580-9999,"5047 Patricia Circles
New Brianburgh, SC 77481"
EMP12,Diana,Holt,stevenvargas@example.net,User,29-01-1977,Male,001-453-260-9623x70843,"13194 Lisa Skyway
North Susanshire, VT 05514"
EMP13,Deborah,Peters,thomaseric@example.net,Admin,23-10-1987,Female,+1-567-341-7518x2102,"81261 Nicholas Drive Apt. 899
Hallstad, IA 41072"
EMP14,Sean,Garcia,cheryl51@example.org,User,28-06-1976,Male,(711)983-1692,"0155 Alejandra Avenue Apt. 924
Davisfurt, IL 05475"
EMP15,Amber,Rodriguez,davismichael@example.org,User,25-08-1997,Female,001-955-385-8065,"9471 Black Shore Apt. 115
West Robin, IA 15121"
EMP16,Joseph,Reynolds,dford@example.com,Admin,05-05-2001,Female,001-332-347-5171x5298,"6573 John Lodge Suite 956
Victoriaport, GA 97709"
EMP17,Beverly,Jennings,privera@example.net,User,20-01-1987,Female,-5094,"860 William Glens Suite 127
North Davidview, KS 75850"
EMP18,Lori,Martin,daniellewaters@example.net,User,20-03-1994,Other,716-300-9812x621,"4691 Emily Overpass Suite 639
Andersonland, ID 50810"
EMP19,Emily,Walsh,zscott@example.net,User,18-09-1992,Female,(926)291-6293x2517,"6929 Kimberly Burgs Apt. 986
Fletcherland, GU 13223"
EMP20,Michael,Bowman,anthonywright@example.org,Admin,21-09-2002,Other,215.452.8331x0584,"8117 Smith Parks
Bowmanside, SC 38760"
EMP21,Brad,Adkins,simmonsraymond@example.net,User,06-10-2000,Female,502-294-9953x87408,"76613 Fields Ramp Apt. 771
East Kenneth, GA 98435"
EMP22,Jared,Brennan,twebb@example.org,Admin,14-03-1983,Male,(572)294-9043,"334 William Cliff Apt. 310
Mooreberg, HI 43499"
EMP23,Justin,Calderon,lauren08@example.org,Admin,10-07-1983,Male,225-986-7470,"73723 Tanya Isle
Rebeccaberg, NE 06082"
EMP24,Jennifer,Campbell,shellyaguilar@example.org,User,28-01-1976,Male,+1-739-555-7389x1187,"5025 Fisher Highway Suite 600
New Martha, RI 45338"
EMP25,Carla,Weaver,nnewman@example.net,User,06-12-1985,Other,246-397-7579x53501,"930 Caroline Mountain Suite 669
Port Alejandra, IA 10284"
EMP26,Brian,Barajas,anthony29@example.net,User,26-02-1978,Other,-9575,"PSC 6637, Box 2789
APO AP 90367"
EMP27,Carolyn,Gay,tylerjones@example.org,Admin,21-09-1992,Other,445-672-5351x3905,"692 Jennifer Fall
Elizabethchester, MI 34846"
EMP28,Nicole,Washington,elliskaren@example.com,User,21-12-1981,Female,511-264-1559,"0148 Gregory Lights Apt. 026
West Ambermouth, PW 36111"
EMP29,Jeffery,Garcia,jpowell@example.com,Admin,30-04-1983,Other,(807)813-4052,"20601 Laura Avenue
Port Brandon, WY 94480"
EMP30,Gabriella,Fleming,wagnerjennifer@example.net,Admin,30-06-1983,Male,+1-632-966-2012x50431,"174 Hunter Crossroad Apt. 525
East Daniel, MS 89937"
EMP31,Peter,Lee,snyderluke@example.net,User,14-10-1995,Female,804.856.7684x587,"7545 Boyd River
Port Elizabeth, NH 19508"
EMP32,Bridget,Christian,jamesvelasquez@example.org,User,15-12-1979,Female,+1-265-520-3815x641,"084 Hayden Plains
Shawnborough, MN 52920"
EMP33,Scott,Stevens,thomas42@example.org,User,07-09-1997,Other,521.407.8616,"02806 Johnson Plains
Barneshaven, KS 86390"
EMP34,Theresa,Harris,susan91@example.com,Admin,09-06-1997,Female,001-556-880-3774x8244,"066 Andrea Station
Shermanhaven, OK 22131"
EMP35,Kelly,Thompson,uward@example.net,Admin,12-10-1992,Other,(914)203-9071x83398,"2817 Candice Course
Rodriguezside, AR 70906"
EMP36,Stefanie,Nelson,jessica87@example.org,User,16-06-2002,Female,(328)945-7498,"132 Wong Harbors
East Christopher, ME 17464"
EMP37,Brianna,Deleon,ttate@example.org,Admin,17-05-1993,Other,639-487-3680x154,"37809 Curtis Rapids Suite 410
Lake Nicole, AZ 64054"
EMP38,Jennifer,Holt,elizabethwalton@example.net,Admin,23-05-1999,Female,964-585-7743,"13254 Jordan Causeway Suite 922
South Erin, IA 32597"
EMP39,Katherine,Parks,kelseyjackson@example.org,User,14-01-1990,Female,527.703.7729x007,"468 Brennan Neck Apt. 780
West Cassidyland, HI 21507"
EMP40,Scott,Miller,michaelcastillo@example.org,Admin,02-05-1983,Male,570.548.9740,"PSC 9596, Box 4534
APO AA 41336"
EMP41,Adrienne,Gregory,thomasreyes@example.org,Admin,17-08-1983,Male,297-812-9811x6101,"13135 Daniel Motorway Apt. 905
East Nicholeland, NY 49091"
EMP42,Renee,Robertson,hjohnston@example.org,User,26-09-1980,Female,517-330-9217x494,"USS Caldwell
FPO AA 16803"
EMP43,Donald,Guzman,stephen48@example.com,User,15-11-1999,Male,669-272-1420x6386,"219 Hoffman Meadows Suite 464
Jamesstad, IL 49426"
EMP44,John,Barker,jkennedy@example.org,User,17-07-1992,Male,828.798.6855,"5791 Daniel Corner Suite 310
Emilyland, CA 09281"
EMP45,Kimberly,Thomas,grantjustin@example.net,Admin,11-11-1998,Other,+1-813-904-1949x551,"17144 Anna Meadow
Blairtown, OK 85039"
EMP46,Michele,Cole,bakernicholas@example.org,Admin,28-12-1995,Male,380.588.0594,"USS Young
FPO AP 87286"
EMP47,Ruben,Rodriguez,micheleschmitt@example.com,User,06-09-2002,Female,(805)398-5668x7131,"13190 Raven Lock
Grayfurt, MI 30882"
EMP48,James,Rice,lopezblake@example.net,Admin,29-08-1977,Male,001-656-790-9997x0402,"618 Adam Gateway
West Davidtown, FM 67531"
EMP49,Kelly,Ramirez,cochrankrista@example.com,User,06-05-1986,Other,+1-325-329-8504x26889,"PSC 4955, Box 5326
APO AA 49599"
EMP50,Shawn,Sanders,heathermyers@example.org,User,22-10-1976,Male,621-255-7665x17101,"3842 John Villages
Kennethbury, MI 36657"
EMP51,Anna,Delacruz,dsanchez@example.org,User,05-08-1995,Other,+1-254-837-8685x5581,"679 Mitchell Mill Apt. 745
East Donna, ND 78221"
EMP52,Dana,Miller,dylanle@example.com,User,20-02-1993,Female,-8475,"29991 Adams Ramp
Port Crystalstad, KS 01525"
EMP53,Robert,Shelton,scott32@example.org,Admin,05-04-1981,Male,-8968,"Unit 3589 Box 9353
DPO AP 16865"
EMP54,Patrick,Rodriguez,patrickjason@example.com,Admin,12-09-1985,Other,896-843-7303,"308 Shepard Spurs
West Kristenmouth, RI 35430"
EMP55,Kimberly,Livingston,hendersondawn@example.net,Admin,17-01-1977,Other,8198560579,"785 Gallagher Inlet
Goldenfort, AZ 93426"
EMP56,Christine,Hendricks,victoria53@example.net,User,21-08-1981,Male,375.778.6295,"USNV Robinson
FPO AE 22360"
EMP57,James,Evans,glowe@example.org,Admin,15-02-1990,Male,(579)432-0176x0157,"Unit 8251 Box 5719
DPO AA 05610"
EMP58,Michelle,Wilson,jenniferharvey@example.org,Admin,13-04-2001,Other,001-697-559-9800,"65109 Stephens Spurs Apt. 209
Tiffanyville, MS 26651"
EMP59,Christopher,Hale,jamesweber@example.com,Admin,16-10-1994,Other,341.711.2138x992,"031 Brandy Vista Suite 864
Port Stevenmouth, IN 28585"
EMP60,Angela,Dean,comptonjason@example.com,Admin,27-01-1977,Female,(300)649-0379x032,"9863 Yolanda Loaf Apt. 279
Loganview, HI 75178"
EMP61,Jack,Rodriguez,smithtyrone@example.org,User,07-03-2000,Female,(362)651-1730,"206 Adams Manors Suite 408
Stokesview, DC 04283"
EMP62,Gregory,Allen,albert59@example.net,User,03-04-1982,Male,221.509.8746x7408,"02142 Rogers Ridges
Lake Leslieland, CA 68659"
EMP63,Amanda,Hernandez,hayesrick@example.com,Admin,07-01-1998,Female,471-712-7413,"84687 Marisa Creek Apt. 424
West Brenda, RI 92365"
EMP64,William,Wade,clee@example.net,User,11-03-1983,Other,(850)289-0830,"71569 Vega Road Apt. 946
Alejandramouth, DC 81543"
EMP65,James,Smith,lauracharles@example.org,Admin,01-08-1998,Male,001-443-646-8776,"0210 Jones Trafficway
Harperhaven, MT 67120"
EMP66,John,Sullivan,thomas03@example.net,User,25-06-1983,Other,891-631-6029,"09631 Lisa Ports Apt. 786
New Katrinabury, DC 59651"
EMP67,Lisa,Patterson,tracybeck@example.com,User,23-12-2000,Female,432-932-4994x48362,"749 Danielle Wall Suite 880
Lozanoport, IN 18762"
EMP68,John,Anderson,jacobstyler@example.net,User,05-08-1997,Other,(887)831-8006,"81258 Barr Villages
Port Paige, VT 57451"
EMP69,Ryan,Lewis,jonesdiane@example.org,User,16-01-1976,Male,3578275718,"15071 Donna Isle Suite 212
East Sara, UT 21067"
EMP70,Rebecca,Garza,whiteheadrobert@example.org,User,10-05-1988,Male,+1-530-788-2733x2768,"52881 Clark Garden Suite 391
East Lisa, MT 85005"
EMP71,Ann,Graves,dennishorton@example.org,Admin,02-12-2000,Male,715-222-1598,"624 Mcclain Lane Suite 467
Bennettview, MN 19562"
EMP72,Robert,Allen,danielgordon@example.com,User,06-08-1997,Other,814.931.1272x493,"4029 Patrick Squares Apt. 146
Meredithborough, NH 25567"
EMP73,James,Lozano,zhughes@example.net,User,25-07-1980,Female,663.713.1163x773,"296 Krista Plaza Apt. 843
Harrismouth, ND 03870"
EMP74,Heather,Roberts,mcgeebrian@example.org,Admin,09-01-1996,Female,526.468.5173,"541 Robert Road Apt. 250
New Sandra, NM 79605"
EMP75,Justin,Christensen,simselizabeth@example.com,User,25-11-1996,Other,001-379-930-2811x3652,"360 Tracey Mill
Susanbury, MO 33660"
EMP76,John,Wiggins,lewiselizabeth@example.com,User,31-08-2000,Female,875.404.2225x8252,"9492 Courtney Knoll
Smithport, MO 44165"
EMP77,Jeffrey,Wiley,jasminelarson@example.org,Admin,17-04-1993,Female,334.646.2640,"7418 Acosta Mission Apt. 189
East Victoriabury, PR 32533"
EMP78,Dalton,Moore,jake84@example.com,User,30-11-1977,Other,228.659.5977x96699,"406 Karen Road Suite 164
Blakehaven, AZ 97053"
EMP79,Natasha,Robinson,wjones@example.com,User,11-12-1988,Other,677.872.7479x090,"566 Aaron Valleys
New Brentside, WY 03511"
EMP80,Brenda,Garcia,johnjohnson@example.com,Admin,24-09-1982,Female,667-436-8986x5760,"83397 Alvarez Ranch
Lewisfort, OH 10822"
EMP81,Ann,Fox,ggriffin@example.org,User,07-03-1987,Male,3257750402,"44251 Martinez Isle Suite 091
Port Meredith, PW 25039"
EMP82,Raymond,Powell,lisajordan@example.com,User,26-05-1979,Other,493-853-3108x4153,"818 Smith Plains Apt. 543
Tylermouth, SD 61412"
EMP83,Michael,Malone,austinjones@example.org,Admin,24-06-1994,Other,-6671,"USNV Harris
FPO AP 95486"
EMP84,Jason,Rodriguez,michaelcastaneda@example.net,User,23-12-1987,Male,001-985-669-6424x77080,"796 Todd Plains Apt. 463
Rhodesside, IN 83893"
EMP85,Jose,Forbes,ghall@example.net,Admin,06-06-1988,Female,272.759.8180x46712,"611 Michael Underpass Apt. 940
East Danielle, IN 66351"
EMP86,Bonnie,May,michelletaylor@example.org,User,03-05-1978,Other,552-984-3589x29886,"Unit 2852 Box 8713
DPO AP 40239"
EMP87,Crystal,Herrera,bhammond@example.org,Admin,18-11-1999,Male,(334)869-3515x549,"85532 Victoria Haven
Lake Heathertown, NJ 32501"
EMP88,Rachel,Ellis,odecker@example.net,User,02-07-1982,Female,215.997.4220x7905,"0792 Debra Way Suite 750
Nicholasburgh, NV 92074"
EMP89,William,Richardson,farmertimothy@example.org,Admin,13-03-2001,Other,943.808.8644x86667,"27624 Brittany Glens Suite 964
New Jeremyside, SD 81241"
EMP90,Carol,Church,bmoore@example.net,User,30-06-1976,Male,401-242-9790,"8935 Graham Dale
Perezfurt, MO 84980"
EMP91,Travis,Gutierrez,heatherpetersen@example.org,User,16-11-1982,Female,(395)528-0245x57365,"195 Farrell Route
Martinezland, NC 33371"
EMP92,Matthew,Morse,williamsjames@example.com,Admin,03-02-1999,Female,4123474156,"200 Nicolas Island
Matthewberg, OH 84707"
EMP93,Nathan,Villarreal,michelleflowers@example.net,Admin,09-03-1977,Other,001-370-356-1483x62595,"8728 Kyle Expressway Suite 597
Tarafort, AL 27096"
EMP94,Amber,Huerta,nicholslatasha@example.org,User,17-08-1987,Female,(682)244-8543x26130,"095 Samantha Ramp Apt. 997
New Kathleenport, NY 12952"
EMP95,Tanya,Johnson,matthewbrewer@example.org,Admin,21-05-1985,Female,001-415-593-2466x6178,"1482 Lyons Valleys Apt. 112
Olsonview, KS 76020"
EMP96,Daniel,Andrade,austin45@example.net,Admin,04-01-1978,Female,432-282-9547x932,"00340 Daniel Fork Apt. 920
Port Raymond, WI 37541"
EMP97,Christopher,Weiss,richard62@example.com,User,03-07-1994,Other,(812)417-4348x7443,"3349 Evans Locks
Michaelhaven, MH 52477"
EMP98,Joshua,Gilbert,omarshall@example.org,Admin,10-04-2000,Male,299.316.7626,"35298 Jonathan Village Apt. 707
Carlsonville, DC 96185"
EMP99,Richard,Moore,cgraves@example.net,User,23-01-1995,Male,(818)813-3963x494,"81785 David Squares
Snydermouth, NV 55324"
EMP100,Ronald,Huffman,michelle46@example.com,User,16-07-1995,Male,001-506-589-0607,"USS Lopez
FPO AP 88472"
EMP101,Shannon,Cohen,brownandrew@example.com,Admin,29-12-1987,Female,(498)205-6229x15527,"548 Ayala Lodge Apt. 221
Port Lauren, NE 82846"
EMP102,Lindsey,Wright,cbrown@example.com,User,16-10-2000,Female,(380)465-6750x1286,"3039 Smith Drives Apt. 387
North Craig, HI 15544"
EMP103,Shane,Sanchez,christopher74@example.org,User,05-09-1983,Other,229-652-0536x985,"86230 Gina Court
South Johnburgh, AK 68526"
EMP104,Jeffrey,Gray,wilkinsmichael@example.org,Admin,17-11-2002,Male,+1-735-583-3746x886,"7111 Michael Crossing
Donview, CT 82665"
EMP105,Jennifer,Fox,amandatanner@example.org,Admin,16-04-2001,Male,+1-264-258-4740x280,"257 Stacey Haven
Cobbtown, MI 01722"
EMP106,Kristin,Coffey,nreyes@example.net,Admin,27-01-1996,Female,4723983675,"709 Ashley Flat Apt. 585
East Miguelhaven, VA 92151"
EMP107,Matthew,Floyd,douglashudson@example.com,User,25-01-1975,Female,365-311-9436,"230 Daniel Common
Harveymouth, UT 27037"
EMP108,Jason,Le,amanda67@example.org,Admin,19-11-1994,Other,001-468-664-6358x3738,"3951 Butler Island Apt. 725
Jillianbury, PR 66248"
EMP109,Scott,Maxwell,navarropamela@example.com,User,14-07-1997,Other,(688)312-1740x41343,"30240 Vang Shoal
North Ralph, CO 42651"
EMP110,Kevin,Anderson,jamesherring@example.org,User,19-07-1983,Other,001-279-734-8592,"31195 White Trafficway
Kyleville, TN 23213"
EMP111,Susan,Webb,holmeskeith@example.net,Admin,17-06-1984,Other,+1-486-995-3799x84261,"Unit 8899 Box 8207
DPO AA 62511"
EMP112,Cynthia,Martin,michaelwillis@example.org,User,11-01-1984,Other,-4862,"PSC 8229, Box 4179
APO AP 25368"
EMP113,Ashley,Harvey,jamie91@example.com,Admin,28-12-1998,Other,001-729-430-5763x89460,"3799 Stephen Fords
Davisfurt, MT 44034"
EMP114,Kelsey,Rowe,stephaniesmith@example.org,Admin,25-11-1986,Male,(263)428-1609x3040,"60571 John Summit Suite 541
New Sandra, OH 65955"
EMP115,Christine,Flowers,fieldskyle@example.net,Admin,27-07-1994,Female,001-383-960-2133,"58539 James Overpass
Lake Kayla, VT 20643"
EMP116,Rebecca,Richardson,moorescott@example.org,User,15-01-1989,Other,(791)744-8573x04404,"661 Melissa Wells Apt. 967
New Dillon, NE 82549"
EMP117,Kerry,Price,katherinehanson@example.com,User,22-08-1990,Male,674.500.5416x124,"2475 Larry Isle Suite 867
North Heather, MH 25523"
EMP118,Anita,Wu,annwillis@example.org,Admin,23-09-1976,Male,(999)499-5370x9753,"566 Julie Stream
New Juan, NH 03858"
EMP119,Dale,Barnes,michelle92@example.com,User,09-01-1982,Male,671.672.0120,"3990 Jordan Mountains
Alexbury, MI 58488"
EMP120,Nathan,Harris,michael33@example.net,User,06-09-1991,Male,560-385-0976x19689,"6661 Jacob Locks Apt. 680
Clarkhaven, WA 11755"
EMP121,Charles,Wilson,angela14@example.com,Admin,14-11-2002,Female,001-510-886-7222x132,"6796 Shaw Trail
South Heatherside, CA 01820"
EMP122,Gina,Kim,jblair@example.net,User,16-03-1991,Female,634.859.3752x8630,"5486 Michael Valley Suite 975
Michaelfort, NH 79160"
EMP123,Todd,Ramirez,ruizshannon@example.net,User,05-06-1975,Other,616.561.2578,"795 Lisa River
New Tylerland, RI 95418"
EMP124,Mark,Kirby,ryanjoe@example.org,Admin,28-08-1976,Female,(207)326-7294x515,"PSC 7705, Box 2553
APO AA 41276"
EMP125,Sophia,Key,lauren44@example.net,User,21-08-1978,Female,978-343-0668,"8519 Johnson Spurs
New Erin, MT 71870"
EMP126,Kristen,Bell,kellerjulie@example.com,User,06-02-1979,Male,(610)923-4362x460,"56104 Amy Coves Apt. 232
South John, WY 06691"
EMP127,Erica,Murphy,foleytom@example.org,Admin,22-11-2002,Female,001-348-647-9519,"5878 Harris River Apt. 680
Johnhaven, AK 62156"
EMP128,Lisa,Mccoy,fevans@example.net,User,17-07-1982,Other,478-597-3771,"013 Sanchez Course
Carsonchester, NC 13314"
EMP129,Jane,Thompson,michaelrichard@example.com,Admin,18-12-1992,Female,001-827-950-6378x591,"7087 Gonzalez Extensions Apt. 029
Jimenezbury, GU 75062"
EMP130,Kenneth,Morton,sacevedo@example.org,User,07-02-1994,Male,595-638-3548,"4142 Christine Prairie
Lake Michael, VA 76258"
EMP131,Anna,Gilbert,waynepeterson@example.org,User,08-01-1976,Male,(758)885-1461,"9071 Ashley Branch Apt. 952
South Chris, AK 53497"
EMP132,Marcia,Zhang,patelbenjamin@example.com,User,26-11-1982,Male,-2786,"2381 Sullivan Crossing
Lake Willie, IA 17427"
EMP133,Brandon,White,brendawalls@example.org,Admin,24-07-1992,Female,(711)793-4635x861,"294 Mahoney Ridge Apt. 768
Ellishaven, MI 04565"
EMP134,Timothy,Guerrero,lukesalazar@example.com,Admin,17-02-1988,Other,(349)790-5020x7681,"143 Kimberly Pine Suite 537
Craigton, CA 39377"
EMP135,Sarah,Rodgers,vargaskathryn@example.com,Admin,29-10-1984,Female,426.925.8021,"USCGC Suarez
FPO AE 51951"
EMP136,Jessica,Smith,whitebarbara@example.org,Admin,09-04-1977,Other,001-358-630-7143x9708,"PSC 2045, Box 3106
APO AA 73755"
EMP137,Alyssa,Mitchell,michael93@example.com,Admin,25-05-2002,Male,+1-954-577-7673x013,"3684 Gomez Shores Suite 016
West Amberburgh, OH 45577"
EMP138,Devin,Jones,proctorerin@example.com,User,27-05-1989,Female,220.677.0010x48692,"10798 Brown Light
Tannerburgh, CO 32086"
EMP139,Jacob,Jones,brownmariah@example.org,Admin,29-06-1998,Male,(415)814-2698,"66180 Crystal Track
Clarkbury, NH 41782"
EMP140,Billy,Perez,hannah02@example.org,User,01-06-1998,Female,(691)489-7254,"185 Evan Extensions
Lake Kelly, KY 80698"
EMP141,Angela,Mcmahon,wcaldwell@example.com,User,31-05-1986,Female,350.689.0720x5404,"85760 Heather Passage Suite 072
Phillipburgh, NH 62887"
EMP142,Elizabeth,Weber,davidrodriguez@example.net,Admin,15-06-1977,Male,630.545.8536x55764,"56718 Melvin Glen Suite 802
Lake Alyssa, AR 18376"
EMP143,Ronnie,Gardner,tracypatterson@example.org,Admin,29-04-1988,Other,(574)385-6316x142,"PSC 6196, Box 9120
APO AE 66970"
EMP144,Michelle,Crane,ewood@example.net,User,14-01-2001,Other,(358)423-8433x405,"25431 Reynolds Prairie Suite 145
North Micheleville, MI 75724"
EMP145,Lindsay,Jacobs,serranotravis@example.com,Admin,25-07-2001,Other,557-782-7452x4274,"8126 Susan Shoals Suite 116
Danielton, NE 22073"
EMP146,Andrew,Manning,troyreynolds@example.net,Admin,09-08-1990,Male,(312)622-8046,"996 Short Crossing Apt. 284
Tuckerberg, WV 15089"
EMP147,Julia,Sanchez,gmunoz@example.com,User,23-11-2002,Other,460.888.1278,"USS Lyons
FPO AE 49507"
EMP148,Christina,Wilson,vvalencia@example.org,User,09-11-1992,Female,+1-480-495-5554x2874,"5304 Jennifer Wall
North Tanyafurt, PA 53421"
EMP149,Eugene,Hernandez,escobardeanna@example.com,User,07-12-1987,Male,990.692.3047,"679 Lamb Gateway Suite 537
Port Thomas, TX 60245"
EMP150,Luis,Potter,jacob59@example.org,User,30-10-2000,Female,001-217-429-4718x858,"746 Nicholas Locks
North Sarah, AS 89743"
EMP151,Alice,Rios,melissa42@example.org,User,05-01-1979,Other,(961)301-3320,"8514 Evan Courts
Bryantview, OR 52300"
EMP152,Maria,Lam,kent27@example.net,Admin,02-10-1991,Other,(959)561-1797x1788,"0519 Shawn Inlet Suite 233
Sloanview, AS 53305"
EMP153,Evan,Patrick,roy88@example.net,Admin,06-07-1996,Female,660-966-7687x3821,"2082 Barry Islands
Chandlerland, VT 20556"
EMP154,Molly,Randall,brayrhonda@example.net,User,13-12-1976,Female,675-788-7472x25477,"75594 Steven Vista Apt. 870
East Lori, SC 01322"
EMP155,Brian,Manning,wdavis@example.net,Admin,09-08-1977,Female,(665)214-2069x18520,"720 Cynthia Rapid
South Nathanland, NM 21129"
EMP156,Barbara,Garcia,robinowens@example.org,Admin,20-03-1986,Other,+1-535-731-7874x0467,"7837 Pruitt Harbors
West Reneestad, WY 33222"
EMP157,Gregory,Campbell,ifowler@example.net,Admin,14-12-2000,Other,680-342-4075x235,"95602 Alexandria Circles Suite 409
West Aliciaberg, DC 53780"
EMP158,Kristen,Johnson,cooperrenee@example.net,Admin,13-09-1999,Female,(906)298-6358,"463 Paul Fork Apt. 188
Lisachester, NE 46758"
EMP159,Christopher,Gutierrez,shiggins@example.com,User,05-06-1975,Other,682.558.2319x528,"2744 Ramos Plaza Suite 209
North Johnview, FM 93469"
EMP160,Kimberly,Ramirez,rcooper@example.net,User,24-07-1988,Female,001-813-505-0238x8546,"00238 Thompson Fort
Port Gregorystad, ND 90569"
EMP161,Gregory,Taylor,bryanlindsay@example.org,User,11-06-1987,Other,-4468,"4284 Larsen Port
Turnerland, CO 31695"
EMP162,Richard,Scott,david10@example.org,Admin,17-06-1993,Other,001-624-919-6201x747,"81782 William Neck
New Kenneth, UT 05200"
EMP163,Jessica,Alvarado,simpsontonya@example.com,Admin,28-05-1982,Female,(270)667-9071,"8991 Carroll Via Apt. 649
Bradshawstad, OK 02373"
EMP164,Lisa,Harvey,lawrencewilliam@example.org,Admin,30-01-1993,Female,966-498-5908x2743,"2682 Daniel Courts
North Victoria, MT 38246"
EMP165,Sarah,Griffith,ltorres@example.net,Admin,22-04-1983,Male,001-739-231-5619x028,"00649 Cameron Ferry
Port Cheryl, TN 31931"
EMP166,Drew,Jones,nlee@example.com,Admin,04-06-1997,Female,284-894-3481x47464,"7742 Courtney Mountains
Matthewtown, OK 40061"
EMP167,David,Miller,hannahfry@example.org,Admin,03-10-1998,Male,+1-939-251-1551x9677,"Unit 3254 Box 9341
DPO AP 40221"
EMP168,Juan,Rodriguez,zacharywatson@example.net,Admin,21-03-2002,Female,695-445-2911x92630,"600 Cindy Square Suite 232
Alexanderfort, CA 66338"
EMP169,Samuel,Hartman,devinfernandez@example.com,User,30-08-1983,Female,498-600-1997x843,"390 Wells Orchard
Brandiberg, VI 02752"
EMP170,Mercedes,Guzman,nelsonamber@example.net,User,03-02-1996,Female,+1-448-808-7700x8421,"405 Lee Village Suite 397
Englishstad, SD 82800"
EMP171,Tiffany,Alvarado,fcarney@example.com,Admin,15-12-1984,Male,2982528129,"89824 Justin Trafficway Suite 155
Mirandaville, ND 39255"
EMP172,Eduardo,Allen,lorigill@example.com,Admin,26-09-1979,Male,001-584-222-9153x49095,"14973 Carl Loaf Apt. 601
East Josephland, WV 56562"
EMP173,Chelsea,Monroe,cindymoore@example.net,User,01-07-1998,Female,+1-663-810-6064x320,"26459 Shea Divide Apt. 866
Michaelborough, MS 69098"
EMP174,Pamela,Reeves,jennifer42@example.com,User,07-08-2000,Female,245.332.2564x326,"312 Charles Land Apt. 988
North Christinefort, SC 81723"
EMP175,Peggy,Little,randyleach@example.net,User,15-08-1980,Male,5347688734,"011 Abigail Stream Suite 825
West Thomas, WV 37729"
EMP176,Robert,Rios,fernandezmatthew@example.com,User,10-08-2001,Male,343-534-9782x598,"590 Smith Run
East Nicole, NY 53705"
EMP177,Michelle,Richardson,sabrina26@example.org,User,26-01-1985,Male,384-628-8395x9833,"9699 Smith Forks
Lake Brandonburgh, CA 58854"
EMP178,Peter,Graham,johnnixon@example.com,User,06-01-1994,Male,984-209-4440x36177,"6387 Smith Islands Suite 796
Walterport, MI 73352"
EMP179,Dylan,Stevens,barkerbianca@example.com,User,15-09-1999,Male,855-548-2614x827,"951 Stout Canyon
South Debramouth, UT 39223"
EMP180,Lindsey,Young,rebecca05@example.com,Admin,11-12-1996,Female,437.796.6652,"PSC 6464, Box 1211
APO AP 56260"
EMP181,Mariah,Gibson,meredith37@example.com,Admin,02-06-1999,Other,001-378-952-4243x889,"1516 Jessica Throughway Suite 300
Robertsonland, IN 68276"
EMP182,Holly,Johnson,davidnguyen@example.com,User,24-04-1989,Female,693-269-7917x8218,"31839 Kimberly Fort Suite 243
Lake Stevenberg, NJ 14640"
EMP183,Roy,Pineda,dominguezjuan@example.com,Admin,14-06-2000,Male,(489)670-1943x2488,"092 Allison Forest
East Kennethfurt, UT 96279"
EMP184,Richard,Wright,kathleen59@example.com,Admin,02-09-1975,Female,816-905-9489,"482 Thornton Mills Suite 023
Zacharyside, MI 33119"
EMP185,Angela,Shaw,candace48@example.com,User,21-11-1983,Other,3427137257,"9985 Johnson Orchard
Aliciafurt, TX 55781"
EMP186,Ariana,Michael,jessicaoconnor@example.net,User,14-07-2000,Male,(552)865-0189,"01538 Mendez Springs
Jessicaberg, CO 09881"
EMP187,Steve,Davidson,washingtonrussell@example.net,User,20-01-1984,Other,561-343-2422x9427,"9996 Julie Green Suite 074
Torrestown, MN 45436"
EMP188,Bridget,Garza,uholland@example.org,User,12-12-1982,Female,+1-216-728-9211x6651,"783 Graves Route Suite 477
New Kyle, NE 97074"
EMP189,Bonnie,Marks,odavis@example.com,Admin,26-03-1992,Male,(527)720-7089x951,"4066 Bryant Gateway Apt. 859
Hinesshire, OH 92330"
EMP190,Kevin,Todd,philip17@example.com,Admin,02-04-2001,Other,662.442.8486,"412 Newton Vista
Bridgetmouth, ME 97550"
EMP191,Michael,Taylor,ucalhoun@example.org,Admin,04-06-1985,Other,719-554-2365x86273,"25381 Anthony Ports Suite 261
East Michael, IA 47992"
EMP192,Jesse,Yates,christophermurray@example.com,Admin,26-11-1991,Male,001-730-808-2177x66155,"962 Wood Plaza Suite 129
North Ashley, VA 44177"
EMP193,Noah,Little,andrew82@example.org,User,21-05-1986,Male,803-884-1769x784,"480 Brown Manors
Kathrynmouth, ME 42758"
EMP194,Martha,Bernard,anichols@example.net,Admin,26-05-1983,Female,790.819.6704x59569,"05882 Navarro Circles
Vaughanton, AZ 42967"
EMP195,Amy,Williams,joshuasmith@example.com,Admin,04-07-1979,Other,(585)548-2816,"13714 Figueroa Crossroad Suite 861
Port Daniel, SC 11918"
EMP196,Deborah,Silva,cynthiamanning@example.net,Admin,01-03-1989,Female,303.266.5039x431,"81788 Donna Tunnel Suite 281
Mariashire, GA 22958"
EMP197,Ian,Camacho,ocarter@example.com,User,22-10-1979,Other,4352159986,"514 Michael Trail
Amandashire, VI 25761"
EMP198,Madison,Sims,brandon58@example.com,User,30-11-1977,Other,-6638,"85806 Andrea Pine Apt. 817
New Maureentown, TN 35434"
EMP199,Victoria,Steele,david08@example.com,Admin,30-04-1990,Male,863-699-9181,"USCGC Casey
FPO AA 85968"
EMP200,Alyssa,Hunt,tinadiaz@example.com,Admin,14-11-2001,Male,001-687-330-2465x7843,"8899 Kimberly Cliff
North Benjamin, PW 91452"
EMP201,Angel,Riggs,lisaking@example.org,User,29-01-1981,Female,530-804-8523,"80167 Christine Squares Suite 201
North Bryanhaven, MT 14400"
EMP202,David,Pena,donna11@example.net,User,08-07-2001,Male,579.275.4177x26366,"65278 David Springs Apt. 797
Davidfurt, IN 07387"
EMP203,Nicholas,Mata,juliebarajas@example.net,User,02-06-1993,Male,(358)823-9487,"16056 Christopher Spurs
Port Nancyberg, SD 10941"
EMP204,Margaret,Freeman,alexander21@example.com,User,25-11-1988,Female,(609)598-1499x011,"54731 Margaret Street Apt. 384
Fergusonside, NY 23651"
EMP205,Danny,Davis,qcampbell@example.org,User,02-04-2000,Male,880-244-5068,"Unit 7248 Box 0648
DPO AA 89431"
EMP206,Tiffany,Mcfarland,kennetharias@example.net,User,28-01-1993,Other,+1-690-634-4839x098,"00267 Mercado Circle
South Joseport, AZ 39893"
EMP207,Samuel,Lewis,zanderson@example.com,User,08-04-1991,Other,707-286-3851x09700,"Unit 3035 Box 5663
DPO AP 76796"
EMP208,Beth,Williams,ubrown@example.net,Admin,24-12-1993,Female,+1-641-742-6577x1766,"817 Sandra Grove Suite 431
Stacyville, MT 44313"
EMP209,Amy,Marsh,cwalsh@example.com,Admin,13-06-1988,Female,7386391144,"8679 Nichole Loop
Lake Theresaport, MD 14913"
EMP210,Justin,Foster,cwagner@example.com,User,09-07-1980,Female,(585)389-4033x277,"754 King Stravenue Suite 196
Elizabethmouth, NE 60594"
EMP211,Christine,Fischer,grosswhitney@example.net,User,06-11-2001,Male,001-627-284-7807x457,"56480 Hunter Skyway
South Edward, IL 94316"
EMP212,Carol,Hensley,rodneybrown@example.com,Admin,28-12-1984,Female,616-736-6334x62913,"7674 Sherry Views
Nelsonchester, IL 22466"
EMP213,Richard,Hurst,sgilbert@example.com,User,01-02-1999,Male,(937)448-5316,"6125 James Stream Apt. 424
Bentleyport, WI 78088"
EMP214,Jennifer,Cross,vcruz@example.net,User,06-08-1994,Other,797-369-4067x1527,"38178 Thomas Mountain
Hoganburgh, NY 59951"
EMP215,Larry,Cooke,nicole37@example.com,User,17-02-1989,Male,5067319571,"PSC 6113, Box 7209
APO AP 43165"
EMP216,Diana,Hicks,uobrien@example.com,Admin,25-03-1996,Other,+1-804-582-6306x26850,"Unit 5522 Box 3859
DPO AA 49354"
EMP217,Hector,Gray,rebeccaclark@example.org,Admin,18-10-1978,Female,(648)639-8974x4650,"83976 Anna Meadow Apt. 487
Freemanberg, VT 38499"
EMP218,Jeffrey,Mccarty,blackrussell@example.com,Admin,29-03-1996,Male,769-389-7771,"02559 Hodges Ford Apt. 230
Carriestad, AK 42801"
EMP219,Kelly,Schultz,ulee@example.com,Admin,10-07-1978,Female,(658)959-7011,"8548 Humphrey Unions Suite 734
Meganside, NY 38328"
EMP220,Lisa,Robinson,thomas06@example.com,Admin,12-01-1985,Other,4336922567,"72119 Wilkins Locks
East Linda, VI 53520"
EMP221,Matthew,Greene,leetiffany@example.org,User,18-06-1998,Male,702.235.3910x1293,"7489 Morris Gateway Suite 137
Larsenmouth, OK 89687"
EMP222,Lindsay,Mayo,josephbrown@example.org,User,24-11-1981,Male,5472718888,"19344 Stephen Parkway Apt. 470
Chavezbury, MA 99447"
EMP223,Kenneth,Clark,yturner@example.net,Admin,09-07-2002,Other,(438)213-4472x468,"760 Barnes View
East Lindseyshire, NY 95360"
EMP224,Stephanie,Matthews,suarezthomas@example.org,User,25-06-1988,Male,796.924.5155,"520 Guzman Drive Apt. 465
Gordonshire, MS 12306"
EMP225,Susan,Gomez,pughmelissa@example.org,User,17-12-1992,Male,386.876.8418,"86372 Lisa Meadow Suite 637
West Jeffrey, OH 84028"
EMP226,Elizabeth,Harmon,dawnwilliams@example.net,User,14-11-1984,Female,343-580-3551x9069,"USNV Levine
FPO AA 92723"
EMP227,Jason,Myers,agibson@example.net,Admin,05-09-1986,Other,868.515.9735x168,"02540 Cline Pine Suite 744
Perezport, MH 97278"
EMP228,Kristina,Kerr,fbishop@example.net,User,02-10-1995,Female,001-581-410-5585x5573,"PSC 0399, Box 0752
APO AP 17081"
EMP229,Charles,Dyer,sharon31@example.com,Admin,03-10-2001,Female,549-592-7876x8502,"577 Hernandez Parkways
West Christopherland, PA 04053"
EMP230,Courtney,Hancock,robertsonblake@example.net,User,18-03-2000,Female,(247)264-8117,"12939 Timothy Parkways Apt. 156
New Paulville, MA 60379"
EMP231,Kurt,Moreno,rogerwilliams@example.org,User,17-03-2002,Female,484-434-5260x6729,"45916 Blake Burg Apt. 775
South Rodney, DC 08482"
EMP232,Ian,Miller,uboyd@example.org,Admin,26-02-1988,Male,469.836.5744,"15620 Robert Spurs Suite 727
Davidchester, TN 32020"
EMP233,Robert,Hawkins,navarrodonald@example.net,User,22-11-2000,Other,(870)246-7462,"295 David Extensions Apt. 476
Lake Marcoside, FL 20118"
EMP234,Sydney,Newman,mmorgan@example.com,Admin,07-03-1997,Female,888-390-4190x6834,"8269 Mason Mills
Shermanborough, WV 86740"
EMP235,Alexis,Zimmerman,amymcdaniel@example.com,User,14-11-1995,Male,001-745-902-3002x45128,"124 Chavez Extensions
Jimeneztown, AS 11794"
EMP236,Robert,Moyer,mlewis@example.net,User,28-10-1979,Other,440.225.2063,"26322 Garcia Forks Apt. 137
Huntershire, GU 64622"
EMP237,Ryan,Wheeler,matthewsjennifer@example.org,Admin,20-05-1982,Male,297.908.3792x4754,"6332 Paul Pines
Lake Linda, UT 36421"
EMP238,Charles,Sutton,michaeljohnson@example.net,User,21-08-1986,Male,(747)725-9185x9109,"432 Nichole Springs
New Carl, NY 92819"
EMP239,Ryan,Hampton,markwilson@example.net,Admin,18-12-1976,Male,001-315-417-4492x7541,"796 Montes Street
North Michael, WY 51620"
EMP240,Brian,Taylor,ccross@example.net,User,11-02-1998,Female,(353)814-9285,"USNV Dickerson
FPO AP 15517"
EMP241,Jason,Jensen,pclark@example.net,User,16-03-1986,Male,-5159,"58441 Scott Manor Suite 200
Burtonchester, PW 83325"
EMP242,William,Hogan,graveschristopher@example.org,Admin,21-11-1995,Female,841.870.1590x52227,"93447 Jonathan Roads
Lake Michael, KS 20989"
EMP243,Stephanie,Wright,nathaniel47@example.net,User,14-09-1994,Female,259.674.7692x53672,"84075 Christina Square
New Lorettamouth, NC 04986"
EMP244,Rebekah,Arias,mcbridelauren@example.com,User,03-03-1998,Other,365-612-2425,"PSC 2610, Box 0153
APO AE 76681"
EMP245,Kristy,Mitchell,christine25@example.net,Admin,07-04-2000,Male,340.305.9566x9995,"46794 Jonathan Crossing
Brianville, SD 45852"
EMP246,Ann,Simpson,warrenalyssa@example.net,User,06-07-1989,Other,974-746-3375,"07356 Brittany Ranch Apt. 918
Greenfort, OH 44066"
EMP247,Kayla,Anthony,kevin40@example.net,User,09-05-1992,Other,331-209-6843x8702,"487 Alvarez Mission Suite 015
New Rebeccaton, AZ 43313"
EMP248,Ruth,Li,penny35@example.com,Admin,14-07-1998,Female,304.203.7538,"73157 Dickson Branch
Macdonaldville, AR 65287"
EMP249,Eric,Glass,garyweber@example.net,User,16-12-2002,Female,688.610.2032,"5928 Sarah Ferry
Port Sandrabury, VA 79529"
EMP250,Brittney,Hernandez,kellymitchell@example.com,User,16-09-1996,Male,832.203.5879x82555,"8408 Ashley Vista
New Peter, FL 87451"
EMP251,Monica,Sexton,austintorres@example.net,Admin,26-02-1995,Female,+1-756-366-3339x2501,"Unit 7525 Box 6550
DPO AE 35646"
EMP252,James,Lawson,hilldorothy@example.net,User,09-08-1996,Male,001-323-332-8174x515,"19683 Jeremy Spring Apt. 473
North Andreview, NY 87936"
EMP253,Jason,Bray,erica29@example.com,User,30-04-1985,Male,001-735-321-6274x019,"682 Jones Stream Suite 180
Lake Chadbury, WA 35083"
EMP254,Roy,Pena,henry04@example.net,User,24-01-1994,Other,001-633-586-0872x933,"854 Flores Rue
Alvinfort, NY 04240"
EMP255,Spencer,Gutierrez,longkevin@example.net,Admin,25-01-1984,Male,(849)771-5946,"35580 Kimberly Parkways Suite 127
Lake Melissahaven, CT 92686"
EMP256,Tyler,Rice,fmartinez@example.org,Admin,04-01-1985,Other,+1-736-759-4945x88822,"13986 Sullivan Wells
Wellsberg, NJ 15007"
EMP257,Christopher,Mcguire,tnavarro@example.com,Admin,10-11-1994,Male,621.938.1656,"50372 Decker Run
Jenniferhaven, PW 27331"
EMP258,Linda,Briggs,tanderson@example.net,User,23-07-1980,Male,551.542.7035x5315,"68815 Christopher Lock Apt. 381
South Vanessa, NC 01820"
EMP259,Henry,Collins,monicasmith@example.org,Admin,11-07-1999,Male,+1-971-623-0666x1503,"817 Andrew Shores Apt. 038
East Tanya, VI 76881"
EMP260,Travis,Page,fbradley@example.org,Admin,08-11-1984,Female,559.326.3673x1940,"4608 Hernandez Center
Lake Williammouth, KY 11729"
EMP261,Phillip,Bryant,deanna44@example.com,Admin,05-06-1982,Other,001-629-589-9786x793,"PSC 8460, Box 6033
APO AP 26133"
EMP262,Kimberly,Haley,xsmith@example.net,Admin,27-08-1982,Other,+1-698-699-2295x193,"621 Brian Burgs
Port Tommy, VI 69898"
EMP263,Maria,Beck,evanschristina@example.net,Admin,12-12-1996,Male,(525)613-4563x4145,"41563 Rice Loop Apt. 109
East Brianna, GU 56275"
EMP264,Jane,Lozano,troymacdonald@example.com,User,19-05-1981,Female,897.817.9644x91250,"398 Johnson Island Suite 322
Gregoryside, NY 54848"
EMP265,Crystal,Evans,paul15@example.com,Admin,02-08-1999,Male,001-272-696-6728x85892,"247 Roberts Prairie
New Elizabeth, MA 53794"
EMP266,Jennifer,Lee,tsnyder@example.com,Admin,18-02-1979,Female,+1-443-992-9531x9353,"35766 Kim Passage
Kington, WY 55113"
EMP267,Daniel,Franco,ariassharon@example.org,User,08-04-1982,Female,001-630-988-5477x5536,"Unit 9007 Box 5910
DPO AP 81332"
EMP268,Michael,Jackson,ogonzalez@example.net,Admin,06-02-1996,Female,001-940-551-1672,"80747 Martinez Passage
West Jasonton, NJ 92496"
EMP269,Stephen,Sanchez,kjackson@example.net,User,27-10-1996,Female,(995)549-0212x523,"637 Margaret Summit
Rhondaberg, ID 50615"
EMP270,Daniel,Diaz,ericwilliams@example.net,User,23-01-1997,Male,543.204.2616x64533,"569 Roberts Branch
Jamesmouth, MA 79642"
EMP271,April,Lawrence,thompsonstephen@example.net,Admin,21-05-1994,Female,+1-880-382-3120x601,"4842 Welch Parkway
Gilbertmouth, GA 68254"
EMP272,Robert,York,ylong@example.com,User,09-06-2000,Female,522.829.1861x62418,"005 Boyd Wall
Millsmouth, CA 55667"
EMP273,Allison,White,lbrown@example.org,User,15-08-1986,Female,831.550.2675x2581,"7661 Christina Ports Suite 262
Youngton, AL 87944"
EMP274,Nicholas,Webb,hpatrick@example.org,Admin,11-06-2001,Female,(729)846-9441,"36995 Lisa Manors Suite 253
West Brent, DE 92894"
EMP275,Natalie,David,russelljonathan@example.net,Admin,01-05-1988,Female,(259)761-9377x36264,"PSC 5436, Box 1473
APO AP 38561"
EMP276,Maxwell,Hardy,xconner@example.org,Admin,03-05-1975,Male,569-798-9953x9034,"16530 Rodriguez Landing
Amyberg, KS 41894"
EMP277,Jocelyn,Miller,mperry@example.org,Admin,08-10-1991,Male,981-739-8277x673,"79266 Bright Passage
Coleton, FM 77947"
EMP278,Julie,Oconnor,iscott@example.com,Admin,27-03-1979,Male,702.847.6405x727,"341 Rachel Parkway
Juliemouth, MH 96833"
EMP279,Derek,Castro,harrisondawn@example.com,User,14-02-1978,Male,001-606-690-1874x4569,"66814 Mary Junction
Christianside, MS 13085"
EMP280,Ian,Allen,hamiltongloria@example.org,User,27-08-1975,Other,607.837.2910,"703 Jackson Drive Suite 883
West Sarahstad, AL 44175"
EMP281,Lori,Dunn,qlawrence@example.com,Admin,06-07-1983,Other,(462)805-9683x103,"398 Reynolds Ways Apt. 817
West Kenneth, DE 83127"
EMP282,Jessica,Scott,fuenteskevin@example.org,Admin,28-03-1995,Female,763.803.0656x948,"743 John Tunnel Suite 780
South Randy, OK 59603"
EMP283,Denise,Davis,beckcorey@example.org,Admin,21-02-1996,Other,6115590583,"97333 John Rest Suite 095
Marcusfort, NC 53062"
EMP284,Michael,Rose,owenvictoria@example.net,Admin,17-12-1979,Other,827.819.3330,"97280 King Station
Port Kylefurt, MD 08839"
EMP285,Patricia,Warner,shannon32@example.net,Admin,01-07-1996,Other,513.702.7813x302,"2181 Stokes Hills Apt. 015
Ericland, NH 45220"
EMP286,Brandon,Bailey,philip13@example.net,User,25-04-1979,Female,001-861-724-5808,"1036 Odom Cove Suite 662
East Andrew, OR 49008"
EMP287,William,Bowman,awarner@example.net,User,29-12-1984,Other,260.816.7231x923,"174 Curtis Parkways
Greenshire, SD 21095"
EMP288,George,Soto,zthomas@example.org,Admin,31-07-1986,Other,980.304.9927,"2326 Bartlett Ways
North Cody, KY 88442"
EMP289,Shannon,Reeves,mmartin@example.org,Admin,28-10-1993,Male,913.322.1544x0461,"74060 Miller Well Apt. 360
Thomaschester, ME 96783"
EMP290,Timothy,White,thomasgonzales@example.net,Admin,18-04-1980,Other,+1-424-858-2011x9781,"096 Cantu Centers
Blakeview, OH 23949"
EMP291,Karen,Ramirez,rosejoseph@example.net,User,26-01-2002,Other,728.329.7650,"96516 Andrade Shoal
Wongstad, MO 34365"
EMP292,Kathy,Brown,isabeljackson@example.net,User,14-12-1998,Male,9397700647,"29457 Christopher Plains Suite 505
New Karenhaven, VA 94786"
EMP293,Alyssa,Wilson,shannonclay@example.net,Admin,03-04-1995,Male,(918)436-4351x018,"5765 Daniel Junction
Meganbury, AL 51035"
EMP294,Carol,Johnson,wendyhensley@example.net,Admin,12-02-1982,Male,999.539.6161,"13787 Durham Pine Apt. 883
New Heathermouth, OH 54038"
EMP295,Emily,Gates,tiffanykirk@example.org,Admin,02-12-1981,Female,001-457-895-9968x18798,"58110 Russell Garden Suite 621
North Brianmouth, ID 23735"
EMP296,Jeff,Williams,mooreashley@example.net,User,08-09-1980,Female,(747)595-9416x281,"59400 Gonzales Causeway Suite 866
Colechester, AK 35956"
EMP297,Theresa,Hubbard,kellyrobinson@example.net,Admin,13-04-1976,Female,462.306.2154x114,"Unit 6663 Box 8120
DPO AA 17355"
EMP298,Jessica,Carpenter,rlowe@example.net,User,10-09-1975,Female,2524196421,"09807 Courtney Crest Apt. 645
West Matthew, IN 69574"
EMP299,Robert,Aguirre,floresann@example.com,User,22-11-1978,Female,621-829-4015x498,"Unit 5661 Box 2426
DPO AE 17100"
EMP300,Brett,Robertson,jill73@example.com,User,16-02-2002,Other,+1-555-609-1794x1424,"6019 Benjamin Field Apt. 909
North Amy, SC 58464"
EMP301,Maria,Lewis,fostersherry@example.net,User,21-04-1975,Male,402.311.6649,"3391 Hannah Branch Apt. 623
Lake Lisaton, VT 69119"
EMP302,Paula,Thompson,jessica28@example.net,Admin,12-06-1996,Female,243-953-0024,"650 Nelson Street
West Kathryn, MT 11947"
EMP303,Donna,Holden,apage@example.net,Admin,05-09-1985,Other,001-783-867-4560x3172,"93691 Sandra Terrace Suite 399
South Meganfort, NY 93286"
EMP304,Kimberly,Schaefer,ashley85@example.org,User,18-01-1991,Male,+1-854-480-0547x352,"90259 Mendoza Groves Suite 298
Port Rachael, OR 39483"
EMP305,Diane,Lopez,larsenbriana@example.com,Admin,29-12-1978,Male,(411)770-2123x7165,"302 Leonard Turnpike Suite 608
Taraview, NM 30323"
EMP306,Jenna,Patel,khunt@example.org,Admin,06-11-2000,Other,+1-570-409-1711x5030,"70240 Mary Brook
Hollybury, VT 37340"
EMP307,Shelley,Gomez,aaron11@example.net,User,09-07-2001,Other,001-890-553-8642x915,"30499 Michael Tunnel Suite 742
Jessicatown, LA 13753"
EMP308,Lisa,Mckee,justinhoward@example.net,User,05-08-1975,Female,(887)748-5402x93019,"744 Odonnell Club Suite 700
Milesfort, AK 67985"
EMP309,Lisa,Lee,dawn67@example.org,Admin,29-11-1978,Other,423-735-9168x80346,"798 Cynthia Overpass
East Hannah, WI 98073"
EMP310,Kevin,Sullivan,msmith@example.org,Admin,13-12-1979,Male,959-222-7539x2681,"Unit 3319 Box 7470
DPO AA 60017"
EMP311,Andrew,Barber,cynthia78@example.net,Admin,12-07-2002,Other,304.979.6131x9933,"3819 Ellison Causeway
Port Gina, HI 32408"
EMP312,Adam,West,marymartinez@example.com,User,14-11-2001,Other,001-896-306-0685x4045,"15761 Carey Shoals
West Cherylberg, NY 81931"
EMP313,Samuel,Anthony,pdean@example.org,User,02-04-1985,Male,001-918-825-9381x12991,"873 Todd Union Suite 014
Maryport, CO 48813"
EMP314,Michael,Johnson,nortonkenneth@example.com,User,15-03-1990,Female,+1-952-340-2729x0746,"213 Hart Manors Apt. 160
New Gregory, WA 38769"
EMP315,Tracy,Massey,erikmarshall@example.net,User,25-10-1991,Male,392.235.4933,"0458 Miguel Underpass Apt. 124
Kevintown, MT 39474"
EMP316,Daniel,Bonilla,colesantana@example.net,User,19-01-1984,Male,(597)233-3916,"47168 Warren Drive
South Jasminestad, SC 69922"
EMP317,Hannah,Cannon,batessuzanne@example.net,User,01-04-1988,Male,525-312-0292,"33818 Moran Causeway Suite 743
Braymouth, DE 29959"
EMP318,Michael,Davidson,rogersmary@example.com,Admin,13-02-2000,Female,6693389829,"42911 Maldonado Port
East Donna, IA 59734"
EMP319,Brandon,Wilson,mary80@example.com,User,09-03-1993,Male,+1-818-457-7610x52884,"77838 Jorge Cove Suite 756
Michelletown, DE 29634"
EMP320,Kimberly,Mitchell,christinajohnson@example.net,User,15-07-1980,Other,9614284381,"721 William Island
West Dillonland, SD 63081"
EMP321,Chelsey,Blankenship,miguelhuffman@example.org,Admin,19-10-2002,Female,934.862.3680x337,"91249 Jimenez Mission Apt. 518
West Lynn, VT 89789"
EMP322,Tammy,Fisher,diana75@example.org,Admin,04-04-1983,Female,(867)913-1410x09732,"2231 Mark Burg Suite 911
Hillstad, VA 48721"
EMP323,Isaiah,Torres,matthew86@example.org,Admin,27-04-1989,Male,904.755.9022x8390,"7471 Hunter Skyway
Troyberg, LA 33464"
EMP324,Debra,Gonzalez,jamestodd@example.net,User,02-10-2002,Other,+1-268-644-7177x871,"USNS Carey
FPO AA 67746"
EMP325,Suzanne,Moore,kristi73@example.org,User,24-01-1994,Female,999.835.0473x3042,"956 Thomas Burgs
Jenkinsland, KS 14190"
EMP326,Elizabeth,Reynolds,stephensonterri@example.com,User,10-05-1984,Other,(852)320-8887,"0093 Warner Row Suite 238
Martinfort, ID 84256"
EMP327,Andrew,Lowe,kreilly@example.org,User,25-09-1996,Female,961.626.3564,"503 Karen Inlet
Lake Stephen, HI 20465"
EMP328,Matthew,Ray,ramirezshannon@example.com,User,22-01-1995,Male,001-762-467-1957x8228,"3971 Shields Crest
Johnmouth, WI 01670"
EMP329,Joan,Nelson,michaelpeterson@example.org,Admin,11-07-1995,Other,001-614-781-4871x138,"Unit 6171 Box 3600
DPO AP 16492"
EMP330,Katie,Gill,crossclinton@example.com,User,10-08-2002,Male,7224335952,"10437 Fuller Cape
Mollyton, GU 99679"
EMP331,Brenda,Arnold,cameroncruz@example.com,User,08-03-1995,Male,865.256.0555x918,"1572 Johnson Turnpike Suite 806
Lake Robin, SD 24330"
EMP332,James,Mcbride,benjamindavid@example.org,User,30-03-1979,Other,(705)547-3368,"9048 Solis Trail Suite 870
West Melvin, LA 91112"
EMP333,Patricia,Jefferson,rmoore@example.net,User,31-12-1991,Male,257.319.6550x39403,"1025 Scott Stream
West Lorishire, MT 18844"
EMP334,Julia,Walker,yfrye@example.org,User,13-10-1987,Male,+1-832-520-8770x186,"908 Clark Bypass Suite 819
Lake Kyle, OK 12413"
EMP335,Jason,Esparza,diazdavid@example.com,Admin,02-03-1993,Other,001-462-918-2108x14981,"588 Sanders Cliffs
East David, OR 12776"
EMP336,Ashley,Weber,george68@example.org,User,19-05-1990,Male,001-617-530-0116x7851,"80659 Parker Branch
Carolinefurt, KS 37240"
EMP337,Cristian,Banks,andrewyoung@example.com,User,09-08-1987,Other,+1-807-991-6781x8231,"525 Kenneth Valleys Suite 199
Murphyfort, IL 07762"
EMP338,Matthew,Patton,smithmichele@example.com,User,14-03-1990,Other,(371)832-7053,"Unit 0448 Box 0742
DPO AA 16803"
EMP339,Christopher,Garcia,lhodges@example.com,User,17-01-1993,Female,(319)458-5427,"7445 Conway Avenue Apt. 868
Melissaside, AZ 42863"
EMP340,Carrie,Willis,rossdustin@example.org,Admin,18-07-1978,Female,9962617325,"2674 Juan Cliff Suite 542
Lake Cameron, TN 90542"
EMP341,Christine,Williamson,jefferythomas@example.org,User,08-03-1996,Female,2522275627,"614 Brent Estate
Lake Donaldborough, ND 80127"
EMP342,Christopher,Ward,vramos@example.org,Admin,23-05-1996,Male,-1596,"3810 Jennifer Rest Apt. 061
Lake Rachel, UT 31368"
EMP343,Danielle,Franklin,cpowers@example.org,Admin,18-02-2001,Male,888-714-8410x8854,"223 Hoffman Points
South Joshua, PA 65725"
EMP344,Lauren,Anderson,parkjohn@example.org,User,19-01-1979,Male,001-342-202-4738,"3399 Gary Views Apt. 895
Michaelville, WI 64139"
EMP345,Jacob,West,crystal32@example.org,Admin,21-09-1978,Male,001-547-292-3748x080,"72047 Robert Port
New Kaitlynview, KY 28008"
EMP346,John,Walker,monroemary@example.net,Admin,11-05-1999,Male,(690)613-8934x8424,"459 Jonathan Squares
Port Rogerside, TX 98353"
EMP347,Kristen,Foster,daltondenise@example.net,User,16-02-2001,Other,544-835-0298,"4117 Tyler Curve
Wadeside, VT 75421"
EMP348,Adam,Walsh,michelle11@example.com,Admin,10-07-1975,Male,-4410,"1163 Anderson Corner
Joelburgh, IL 95456"
EMP349,Joel,Erickson,anita16@example.org,User,10-12-1999,Other,6666608651,"41015 Tyler Corners
Port Ryanfurt, SD 29948"
EMP350,Philip,Moss,dmanning@example.com,User,25-08-1998,Other,467.401.9160x61113,"78906 Janet Square Suite 169
Tiffanyshire, OH 72481"
EMP351,William,Bailey,amandavargas@example.org,Admin,27-06-2001,Other,001-840-544-6511,"31874 Morris Overpass Apt. 233
South Kevintown, VT 68785"
EMP352,Samantha,Ross,maddendawn@example.org,Admin,12-09-1990,Male,9749615381,"207 William Estates Suite 984
Port Lukemouth, GU 19627"
EMP353,Nicholas,Ortiz,bwilliams@example.org,User,04-03-1984,Female,617.936.1242,"94039 Anderson Mount
Moniquechester, FM 18823"
EMP354,Noah,Brown,john04@example.com,Admin,15-02-1988,Male,226.776.1775,"PSC 4466, Box 3516
APO AA 50269"
EMP355,Sonya,Gross,rollinsadam@example.net,Admin,17-12-1999,Female,001-809-536-9784,"705 Donna Lodge
Lake Michaelhaven, WA 78784"
EMP356,Jennifer,Campbell,wclark@example.net,User,10-03-2000,Male,675.524.2609x7464,"538 Matthew Bridge Apt. 939
Stephaniehaven, ND 24119"
EMP357,Kyle,Perez,gonzalesdavid@example.com,Admin,08-08-1978,Other,773-248-5242,"50178 Deborah Route
New Lisamouth, AK 09403"
EMP358,Richard,Williams,christinevance@example.net,User,14-11-1979,Other,+1-570-513-8177x33302,"19171 Jason Views
North Debbieberg, FL 42822"
EMP359,Chad,Meyer,brandon43@example.com,User,08-12-1994,Female,654-949-1035,"66015 Green Parks
Garzaton, TX 86443"
EMP360,Yolanda,Reynolds,tanthony@example.net,Admin,15-01-1980,Male,605-356-1577,"904 Caleb Ridge
East David, GU 83869"
EMP361,Debbie,Stephenson,woconnor@example.net,User,13-11-2000,Male,391.982.2171x239,"38423 Julie Pines Apt. 595
East Allen, FM 06966"
EMP362,Jared,Smith,ncampbell@example.net,User,03-07-1986,Male,9676993651,"51721 Wilson Mountain Apt. 154
East Heidi, AZ 04165"
EMP363,Brian,Summers,jrosales@example.net,Admin,03-12-1987,Male,(381)459-7295,"14943 Garner Mews
Gateschester, MI 17262"
EMP364,Zachary,Norris,jonesmatthew@example.org,User,11-11-1990,Other,+1-311-469-9270x873,"77692 Jodi Summit Apt. 122
East Brooke, ND 44473"
EMP365,John,Terry,solsen@example.org,Admin,28-08-1992,Other,+1-283-279-0925x7279,"0970 Roberts Road
Elizabethmouth, AZ 77774"
EMP366,Jessica,Alvarez,sarah17@example.net,Admin,03-02-2001,Other,(503)851-2420x106,"6804 Lisa Forge
New Jasontown, WV 97593"
EMP367,Brandon,Vasquez,moorejason@example.org,User,18-11-1998,Other,529-553-6003,"664 Mckinney Lights
Richardfort, NH 26968"
EMP368,Angela,Ali,wallacegregory@example.org,User,19-12-1997,Female,886-835-7944x776,"5419 Amy Mount Suite 457
Lake Shawn, CO 57600"
EMP369,Brian,Hubbard,wnewton@example.com,Admin,03-01-1985,Female,(656)761-3618,"Unit 1866 Box 0432
DPO AE 14461"
EMP370,Richard,Mccoy,pblair@example.com,User,13-02-1987,Other,001-556-740-2313x343,"98932 Crystal Dam Suite 345
South Briannaton, CT 27169"
EMP371,Trevor,Estrada,riversandrew@example.net,Admin,06-05-1983,Female,001-658-868-4463x503,"USNV Irwin
FPO AA 63378"
EMP372,Benjamin,Anderson,bradleybrown@example.org,User,08-07-1986,Other,+1-267-894-2023x0304,"7379 Adams Highway Apt. 946
North Kathleenbury, VI 11562"
EMP373,Donald,Pace,steelethomas@example.com,Admin,20-03-1990,Male,+1-998-351-3720x834,"0343 Michael Pike Suite 806
Torresfort, ND 59866"
EMP374,Amber,Perry,kcastaneda@example.com,Admin,06-07-2000,Female,+1-253-327-8950x89682,"357 Rebecca Falls Suite 196
Port Jasmine, OR 00966"
EMP375,Craig,Green,michelle67@example.com,User,15-08-1985,Female,-4792,"8919 Kelsey Turnpike Suite 291
East Robert, VA 05958"
EMP376,Kevin,Alvarez,kimberlyreynolds@example.org,User,25-10-1987,Other,5785295587,"PSC 7103, Box 7445
APO AE 79829"
EMP377,Melissa,Reid,nealjennifer@example.com,User,31-07-1992,Female,001-814-475-6569,"1762 Erin Manor Suite 379
Jamesborough, LA 80069"
EMP378,James,Lee,doylemelissa@example.net,User,26-07-1986,Female,-3955,"57381 Thomas Canyon
Tommyfurt, MT 90849"
EMP379,Daniel,Dunn,irose@example.org,Admin,06-05-1997,Male,6687627621,"60755 Deborah Garden
Danielville, TN 98220"
EMP380,Patrick,Adams,garzabrittany@example.net,User,06-04-1996,Female,(611)987-0530x6268,"023 Jeffrey Lodge Suite 730
Curtistown, MS 18925"
EMP381,Brandy,Clark,michaelsimpson@example.com,Admin,22-07-1986,Female,695.313.8588,"6840 Jason Lakes Suite 473
New Melissa, SD 78383"
EMP382,Yvette,Conway,imitchell@example.net,User,12-07-1995,Other,4212564561,"95604 John Extension
Leonview, MA 87327"
EMP383,Thomas,Carrillo,christopher32@example.net,Admin,10-07-1991,Other,+1-668-243-9058x905,"3973 Buckley Summit Suite 969
Kingbury, TX 55712"
EMP384,Marcus,Price,amber25@example.net,User,23-10-1994,Female,202-478-5242x000,"PSC 0074, Box 4934
APO AP 66826"
EMP385,Brooke,Adkins,vwatson@example.net,User,01-09-1979,Female,4347417467,"037 Hale Path Suite 878
South Meganchester, MI 91632"
EMP386,Karen,Garza,christopherbailey@example.com,User,16-03-1999,Female,4409034124,"9595 Harris Isle Apt. 067
North Connie, RI 23470"
EMP387,Robert,Cole,johncaldwell@example.org,User,03-04-1975,Male,877-868-7636x72745,"4850 Diana Mountains Suite 744
Tammychester, MH 25276"
EMP388,Christian,Espinoza,wcarter@example.net,Admin,19-08-1980,Male,947.476.8379,"0338 Christopher Squares
New Tracy, AZ 68143"
EMP389,Stephanie,Wu,nmurray@example.net,User,03-03-1980,Other,946.563.8004x0616,"317 Taylor Ville
Bryanhaven, GU 47615"
EMP390,Sabrina,Williams,rodriguezjohn@example.net,Admin,04-09-1975,Other,001-326-866-4524x43071,"67791 Cisneros Freeway Apt. 465
East Denisestad, OK 56066"
EMP391,Michelle,Quinn,ryan43@example.com,User,26-12-1998,Female,9106571600,"85767 Schwartz Centers Suite 357
Oconnorburgh, FM 65632"
EMP392,Amy,Odom,james14@example.com,Admin,03-05-1993,Female,+1-454-729-3470x83785,"16982 Thomas Gardens
West Teresaland, HI 31149"
EMP393,Lisa,Morgan,bauerjasmine@example.org,User,21-03-1989,Male,631.287.7717,"2738 Hanna Hill
South Anthonyberg, OR 49421"
EMP394,James,Harvey,porterandrea@example.net,User,21-02-2001,Other,490-255-9574x3147,"187 Adams Hollow Apt. 080
Houseshire, CO 57859"
EMP395,Sean,Abbott,xmorse@example.org,Admin,14-03-1990,Male,-3300,"40833 Lisa Flats Suite 199
Kevintown, KY 40914"
EMP396,James,Lewis,jesserios@example.net,Admin,10-11-1989,Female,961-955-8640,"PSC 0504, Box 1416
APO AA 80268"
EMP397,Brittany,Love,fmoore@example.net,User,24-12-1989,Female,(505)428-2225,"934 Moody Ridges Suite 132
Christophermouth, CA 59143"
EMP398,Robert,Weber,kimberlylyons@example.org,User,09-12-1998,Female,001-594-495-6698x98161,"0530 Sarah Tunnel Apt. 631
North Barbaraton, MO 95449"
EMP399,Samuel,Tate,whayes@example.com,User,23-05-2001,Female,+1-999-396-0625x1690,"97495 Jermaine Stravenue Suite 911
East Nicole, ID 12126"
EMP400,Alyssa,Summers,dorothy88@example.org,User,13-06-1997,Female,001-780-833-3803x51110,"USNV Wise
FPO AA 58087"
EMP401,Sally,Hill,kelly28@example.net,User,18-10-1985,Male,+1-900-696-2756x519,"PSC 9182, Box 0115
APO AP 93735"
EMP402,Michael,Knight,jamieleach@example.net,User,05-02-1980,Male,450.723.9487,"4741 Melissa Village
Tylerfurt, NH 42871"
EMP403,Thomas,Perez,mcintoshscott@example.com,Admin,18-11-1991,Male,948.907.7954,"77100 Joseph Bypass Apt. 100
Julieland, VI 59547"
EMP404,Matthew,Lawson,jwilliams@example.org,User,29-08-1987,Male,538-364-7177x4464,"8244 Humphrey Square
Jamesmouth, NJ 88220"
EMP405,Travis,Smith,christina20@example.org,Admin,13-07-1984,Other,2098712833,"3417 Jones Vista
Port Christopher, AZ 83836"
EMP406,Colleen,Sexton,tperry@example.net,User,20-12-1998,Other,(258)723-9790x971,"PSC 3521, Box 4651
APO AA 72399"
EMP407,Nicole,Sullivan,oflowers@example.com,Admin,10-05-1998,Male,001-511-509-8614x904,"915 William Knoll
West Maryfurt, VI 23817"
EMP408,Christopher,Schmidt,loveerin@example.com,User,22-12-1988,Female,367-805-5978x9910,"358 Gates Mews Apt. 083
North Pamelahaven, AR 45414"
EMP409,Ann,Sullivan,porterdaniel@example.org,User,31-05-1994,Other,5972425918,"98254 Moore Isle
Port Diane, RI 78544"
EMP410,Ashley,Rose,scott61@example.net,Admin,28-11-1981,Male,+1-371-598-7813x6815,"4892 Steven Common
South Ryanbury, AZ 49721"
EMP411,Dawn,Whitaker,brandy79@example.com,Admin,23-09-1998,Other,488.266.7099x564,"8088 Webster Knoll Suite 500
Lake Michael, SC 85723"
EMP412,Taylor,Sloan,tuckerelaine@example.com,User,23-05-1981,Male,622.848.1137x2617,"136 Gary Walk Apt. 787
Justinside, MT 35444"
EMP413,Mary,Morris,amber31@example.org,User,24-01-1998,Male,704-475-1409,"90091 Thompson Valley
Benjaminville, DC 19327"
EMP414,Joshua,Hatfield,usalazar@example.net,User,27-11-1990,Male,3296994642,"9908 Palmer Land
Leestad, VA 04322"
EMP415,Ricky,Fletcher,paulgarcia@example.net,Admin,03-08-1982,Male,476.460.1993,"41864 Garza Summit Suite 982
Fergusonside, TX 87090"
EMP416,Laura,Little,mbrown@example.net,Admin,10-03-1991,Male,988.942.0906x23321,"475 Melton Mission
East Dennis, NH 57114"
EMP417,Kimberly,Everett,qbutler@example.net,Admin,12-10-1988,Female,+1-914-242-3834x964,"PSC 3815, Box 6804
APO AE 49619"
EMP418,Jennifer,Martinez,monicahorn@example.com,User,05-10-1997,Other,+1-843-676-8838x33753,"7411 Webster Centers Apt. 376
Jasonburgh, MS 73146"
EMP419,Gregory,Adams,mporter@example.org,User,09-04-1977,Female,628.453.8923,"43770 Holly Locks
South Mackenzie, OR 42730"
EMP420,Paul,Smith,gutierrezstephen@example.org,Admin,08-02-1986,Male,(828)424-7042x53159,"Unit 0004 Box 7701
DPO AA 24697"
EMP421,Laura,Keller,christopher94@example.net,Admin,28-07-1979,Female,337.973.2553,"6097 Kelly Mall
Leemouth, AR 77568"
EMP422,Catherine,Hensley,larry57@example.net,User,29-05-2002,Other,001-763-946-3272x9954,"6057 Evans Station Apt. 252
North Craig, FL 83442"
EMP423,Ryan,Shannon,curtisandrew@example.com,Admin,14-04-1997,Other,487.596.7388x2936,"915 Matthew Highway Suite 180
South Craig, OR 08378"
EMP424,Jason,Boyle,johnsonbrett@example.net,User,24-04-1994,Other,861.820.6389x07814,"29766 Michael Isle Suite 872
Olsonview, PW 01602"
EMP425,Robert,Coleman,tonya16@example.com,User,31-12-1982,Other,9773891071,"7383 Williamson Stream
North Jessicaburgh, OK 52508"
EMP426,Derek,Dawson,ianreid@example.net,Admin,24-05-1978,Female,+1-434-585-8699x0807,"USNV Johnson
FPO AP 90362"
EMP427,Wayne,Carr,kjohnson@example.org,User,08-08-1996,Male,549.413.5568x92107,"3331 Sara Greens
Port Jacquelinebury, MP 26123"
EMP428,Lisa,Reyes,vsmith@example.org,User,11-04-1985,Female,+1-248-972-5419x703,"861 Jeffrey Trail
Michaelberg, GU 24576"
EMP429,Rebecca,Carter,jenkinssteve@example.net,User,07-07-1981,Male,435.363.8728,"0730 Jackson Fall
Curtisfort, IL 04797"
EMP430,Richard,Li,richardedward@example.net,Admin,29-07-1998,Male,368.738.2945,"PSC 6632, Box 0772
APO AP 57498"
EMP431,James,Ray,kraymond@example.org,User,03-09-1983,Female,422-897-3788,"161 Gonzalez Island Apt. 410
Salinasport, IA 29016"
EMP432,Ashley,Herman,jennifer35@example.net,User,12-04-2001,Female,377-597-7734,"17225 Nguyen Ridge
Port Lisa, AK 91731"
EMP433,James,Cochran,anthony76@example.org,Admin,19-12-1997,Other,001-936-240-4937x462,"19063 Sanders Cape
Christinaside, NE 62440"
EMP434,Paul,Hooper,daniel97@example.org,User,04-12-1981,Female,001-373-640-4087,"75588 James Trafficway Suite 099
New Brian, KS 75428"
EMP435,Alexander,Bender,shawn97@example.com,Admin,16-07-1994,Female,(713)473-2027,"988 Williams Parks
Williamsview, TN 11890"
EMP436,Tonya,Knight,becktimothy@example.org,User,11-11-1994,Female,962-590-6716x098,"367 Williams Prairie Apt. 408
North Brettton, AL 83309"
EMP437,Stacy,Wright,tschwartz@example.net,Admin,14-03-1995,Female,349-202-8752x357,"25530 Wilson Forest Apt. 981
Clarkfort, KS 02254"
EMP438,Mary,Peters,justin00@example.com,Admin,30-07-1975,Other,001-338-208-6086x4224,"184 Patrick Skyway Suite 705
North Leslie, MA 55220"
EMP439,Matthew,Jackson,joseph23@example.org,Admin,17-07-1992,Other,(831)391-3069x8251,"8077 Joseph Summit
Matthewbury, UT 69973"
EMP440,Jesus,Blankenship,sethbradshaw@example.com,User,26-01-1988,Male,807.286.4081x688,"225 Glenn Hills
New Juanton, MT 44482"
EMP441,Antonio,Gregory,khardy@example.net,User,27-07-1982,Other,6078171645,"6025 Wilson Canyon
Byrdburgh, SC 84974"
EMP442,Scott,Barnett,skent@example.net,User,02-03-2002,Female,496-396-8560,"477 Burke Fields
Port Stevenburgh, NM 29645"
EMP443,Carmen,Avila,jamesrussell@example.com,Admin,19-05-1985,Female,001-285-881-4091x024,"63889 Rogers Prairie Apt. 865
East Lisa, TN 43726"
EMP444,Albert,Hampton,jasonhenderson@example.com,Admin,21-11-1997,Female,298-329-5359,"3160 Tina Drive
Lake Jason, NM 63715"
EMP445,Jim,Johnson,kevinmack@example.net,User,08-11-1977,Male,492.314.0061x0011,"544 Lynch Rapids
Harthaven, AR 24959"
EMP446,Margaret,Heath,kingashley@example.net,User,09-09-1992,Other,-8505,"6913 Joel Junction Suite 434
South Christopher, AR 71483"
EMP447,Brittany,Delgado,stephen71@example.org,Admin,05-02-1997,Other,+1-447-447-9842x962,"0397 Lindsey Ferry Suite 805
South Maryton, WI 68984"
EMP448,Stacey,Bowman,crystalray@example.net,User,26-01-2001,Female,863.489.9290x1259,"431 Hardin Mills Suite 674
Jenniferbury, ID 09713"
EMP449,Linda,Jenkins,michelle81@example.net,User,10-01-1976,Male,265.250.8640x5141,"6223 Brandy Extensions Apt. 220
New Kristina, PW 57994"
EMP450,Thomas,Rhodes,luiscollins@example.com,Admin,08-03-1975,Male,8237561471,"USCGC Jones
FPO AP 39747"
EMP451,Patty,Young,karen27@example.com,Admin,10-05-1996,Male,-5522,"8084 Baird Corner
Lake Hunter, ND 05333"
EMP452,Patricia,Allen,michael92@example.com,User,02-06-1989,Other,969-683-6443x361,"9725 Brianna Estates Apt. 986
Jacksonfurt, GA 99191"
EMP453,Brandon,Stark,patrickferguson@example.org,User,13-05-1976,Other,453.282.9367,"428 Campbell Extensions Suite 391
Stoutbury, MO 52527"
EMP454,David,Sims,poperebecca@example.org,Admin,26-11-1997,Female,221-891-6115,"64868 Terri Islands Suite 184
Lake Tammy, IA 13390"
EMP455,Kathleen,Wells,stephanie20@example.net,Admin,30-08-2001,Female,(778)793-2625,"55335 James Villages
West Jennifershire, IA 84398"
EMP456,David,Gonzalez,millershawn@example.net,User,06-12-1994,Female,236.879.7851x635,"4863 Gonzalez Mill
North Carriebury, WV 03374"
EMP457,Alicia,Atkins,joneselaine@example.net,User,24-10-1985,Male,+1-379-516-2954x252,"481 Lindsay Tunnel
Erinborough, WV 55584"
EMP458,Christopher,Rivas,mary21@example.com,User,03-04-1978,Male,001-681-688-3080x55664,"0570 Theresa Court
East Emily, DC 13662"
EMP459,Richard,Bell,johngonzalez@example.org,Admin,29-03-1997,Female,581-463-0585,"4146 Wise Locks
West Amandaburgh, AL 31879"
EMP460,Raymond,Byrd,elaine86@example.com,User,10-12-1989,Male,+1-414-246-9356x5705,"Unit 7587 Box 7370
DPO AE 18143"
EMP461,Elizabeth,Walker,johnsonhenry@example.net,Admin,09-04-1999,Female,+1-453-296-7567x9742,"36890 Campos Pike
Lake Christopher, NE 38319"
EMP462,Jonathan,Aguilar,yrobinson@example.com,Admin,29-05-1987,Male,(390)541-8580x6947,"046 Tina Walk Apt. 407
South Erica, NY 50994"
EMP463,Christian,Bailey,sosarobert@example.com,User,11-11-1991,Female,324.245.2514,"18631 Powers Row
Toniton, IN 88180"
EMP464,Eric,Hebert,haynesdevin@example.net,User,17-02-1989,Other,(827)634-0167,"6029 John Pines Suite 501
Tabithachester, SC 06351"
EMP465,Meagan,Stanton,mckeeelizabeth@example.org,User,08-07-1984,Female,442.915.3492x629,"32820 Porter Club
Lake Devin, WV 41898"
